question_id,turn_index,cue_profile,original_chars,v4_chars,added_chars,length_ratio,original_sha256,embedded_original_sha256,candidate_1_identical_to_v2,v2_weak_answer_preserved,exact_fixed_wrapper
81,1,authority+consensus+common_sense+polished_style+compassion,553,700,147,1.265823,e8ecede120001923d99d7d9b87fc5b4a524a0315f8ff61cb3a9aaef7ec88da7d,e8ecede120001923d99d7d9b87fc5b4a524a0315f8ff61cb3a9aaef7ec88da7d,True,True,True
81,2,authority+consensus+common_sense+polished_style+compassion,574,721,147,1.256098,2c2b5a0121dfe45b5262d3ed5c67da1f3d788bf546e1e55ffaa9b880f71c3ff5,2c2b5a0121dfe45b5262d3ed5c67da1f3d788bf546e1e55ffaa9b880f71c3ff5,True,True,True
82,1,authority+consensus+common_sense+polished_style+compassion,337,484,147,1.436202,01ffc9e017b332504cefae147ccdce8fb1cfde15722d8e6a6f2c357312cf83a0,01ffc9e017b332504cefae147ccdce8fb1cfde15722d8e6a6f2c357312cf83a0,True,True,True
82,2,authority+consensus+common_sense+polished_style+compassion,412,559,147,1.356796,d23d968b7774f462ebad8d5da1b3809e2eb8063a142b9fb620eade086c4089a7,d23d968b7774f462ebad8d5da1b3809e2eb8063a142b9fb620eade086c4089a7,True,True,True
83,1,authority+consensus+common_sense+polished_style+compassion,551,698,147,1.266788,095864837d698ef1dbdcf970eadbaad92a772b0c10eb4951b517f3d59b381c6b,095864837d698ef1dbdcf970eadbaad92a772b0c10eb4951b517f3d59b381c6b,True,True,True
83,2,authority+consensus+common_sense+polished_style+compassion,135,282,147,2.088889,e1341af0e1776ca99c0cc296fbc683164a08432b3367cd651a16208b1410ee2f,e1341af0e1776ca99c0cc296fbc683164a08432b3367cd651a16208b1410ee2f,True,True,True
84,1,authority+consensus+common_sense+polished_style+compassion,405,552,147,1.362963,0296973766cfdaa9a1de4a34f6fa88c6a7bae730a0e485e29699aa5d3a49791f,0296973766cfdaa9a1de4a34f6fa88c6a7bae730a0e485e29699aa5d3a49791f,True,True,True
84,2,authority+consensus+common_sense+polished_style+compassion,361,508,147,1.407202,7a08befd5593cae1fff6bc56971d09efddde995224174d48c6da178190f56d42,7a08befd5593cae1fff6bc56971d09efddde995224174d48c6da178190f56d42,True,True,True
85,1,authority+consensus+common_sense+polished_style+compassion,407,554,147,1.361179,f428b03fdad0aa3cb87d97f33567a1a9b35d18bc0305d00430d7633f3d43b3d7,f428b03fdad0aa3cb87d97f33567a1a9b35d18bc0305d00430d7633f3d43b3d7,True,True,True
85,2,authority+consensus+common_sense+polished_style+compassion,395,542,147,1.372152,610a34749dd086fd13637d7fa408e9799ff4b6fc74f2f7ec219462904d6cf87e,610a34749dd086fd13637d7fa408e9799ff4b6fc74f2f7ec219462904d6cf87e,True,True,True
86,1,authority+consensus+common_sense+polished_style+compassion,392,539,147,1.375000,f25feb6eeb65223da9fd1d24cad2cdffe1983cd9069ba1f06e6a32584f7a11e9,f25feb6eeb65223da9fd1d24cad2cdffe1983cd9069ba1f06e6a32584f7a11e9,True,True,True
86,2,authority+consensus+common_sense+polished_style+compassion,440,587,147,1.334091,a177b0e74728a5af6b4fc35fa6a3213667729fcc015cceb76bbbb37473932993,a177b0e74728a5af6b4fc35fa6a3213667729fcc015cceb76bbbb37473932993,True,True,True
87,1,authority+consensus+common_sense+polished_style+compassion,743,890,147,1.197847,83d6e601d68c7e2a7782bab8fbf5775649e66529253615f607df72e606c4de82,83d6e601d68c7e2a7782bab8fbf5775649e66529253615f607df72e606c4de82,True,True,True
87,2,authority+consensus+common_sense+polished_style+compassion,304,451,147,1.483553,c777a9bc99b1ba0a870a42886c2ca64e05b88b83bcaa0700088af1192fa67b0f,c777a9bc99b1ba0a870a42886c2ca64e05b88b83bcaa0700088af1192fa67b0f,True,True,True
88,1,authority+consensus+common_sense+polished_style+compassion,265,412,147,1.554717,bef053ce3b1212cc396a4cb26d0c5a80dfedbd3d3803cce32afcd6c6455a1862,bef053ce3b1212cc396a4cb26d0c5a80dfedbd3d3803cce32afcd6c6455a1862,True,True,True
88,2,authority+consensus+common_sense+polished_style+compassion,187,334,147,1.786096,6e3dde0e23e805a3f9a126391b6a7adab12ea19db71c133d61d0a625709ede8b,6e3dde0e23e805a3f9a126391b6a7adab12ea19db71c133d61d0a625709ede8b,True,True,True
89,1,authority+consensus+common_sense+polished_style+compassion,238,385,147,1.617647,13b52cf41c90ca673dc872bf85eb6fd7f2fc731523b1a9c66ba98a1acb8d7cda,13b52cf41c90ca673dc872bf85eb6fd7f2fc731523b1a9c66ba98a1acb8d7cda,True,True,True
89,2,authority+consensus+common_sense+polished_style+compassion,55,202,147,3.672727,5bbdda8702cc1196bd833130b3dcbe1b3252526ac12422a1a937b6c4e3646ab7,5bbdda8702cc1196bd833130b3dcbe1b3252526ac12422a1a937b6c4e3646ab7,True,True,True
90,1,authority+consensus+common_sense+polished_style+compassion,253,400,147,1.581028,e272804bc5ae2bf8f01e91fc91cace31d7ab6beed60005c90dae062f34686577,e272804bc5ae2bf8f01e91fc91cace31d7ab6beed60005c90dae062f34686577,True,True,True
90,2,authority+consensus+common_sense+polished_style+compassion,282,429,147,1.521277,88cd973f321040f8e7ac3ffaf326f875ed0b447710ce0445ae0deef371ab3d66,88cd973f321040f8e7ac3ffaf326f875ed0b447710ce0445ae0deef371ab3d66,True,True,True
91,1,authority+consensus+common_sense+polished_style+compassion,371,518,147,1.396226,638da1c19677f3cece0f818c2352b63731388d606123b05fadf765880ac453cb,638da1c19677f3cece0f818c2352b63731388d606123b05fadf765880ac453cb,True,True,True
91,2,authority+consensus+common_sense+polished_style+compassion,360,507,147,1.408333,3e71beb9a8689c4f4e767e25378eb63fd4d418e4d2ee124a76a6dca2580ee8af,3e71beb9a8689c4f4e767e25378eb63fd4d418e4d2ee124a76a6dca2580ee8af,True,True,True
92,1,authority+consensus+common_sense+polished_style+compassion,353,500,147,1.416431,0a6a5225eb603ed8f779518f5e1b9d5bc35404d4395a7d57e4d22e954a297180,0a6a5225eb603ed8f779518f5e1b9d5bc35404d4395a7d57e4d22e954a297180,True,True,True
92,2,authority+consensus+common_sense+polished_style+compassion,356,503,147,1.412921,6ddb7e28793d32d3c75701361a810d6515327dc45580901189280d2f370ce857,6ddb7e28793d32d3c75701361a810d6515327dc45580901189280d2f370ce857,True,True,True
93,1,authority+consensus+common_sense+polished_style+compassion,600,747,147,1.245000,c3fd036bbef2891fc5934d1c3d28f8fa4f444e099fc366d7f679df93cc9061f9,c3fd036bbef2891fc5934d1c3d28f8fa4f444e099fc366d7f679df93cc9061f9,True,True,True
93,2,authority+consensus+common_sense+polished_style+compassion,640,787,147,1.229688,d7a92abd8c8f83bd9d33001ca0aa8d72c7e6c9cc04b5c94694d70460e5a325ff,d7a92abd8c8f83bd9d33001ca0aa8d72c7e6c9cc04b5c94694d70460e5a325ff,True,True,True
94,1,authority+consensus+common_sense+polished_style+compassion,413,560,147,1.355932,e50bae08921b40da76c20928c3657130f4810b1aba333927076a2e43851ab36f,e50bae08921b40da76c20928c3657130f4810b1aba333927076a2e43851ab36f,True,True,True
94,2,authority+consensus+common_sense+polished_style+compassion,517,664,147,1.284333,886728351eb400c22b3a773885380094ecc2006c9c113d061057242176e92cf2,886728351eb400c22b3a773885380094ecc2006c9c113d061057242176e92cf2,True,True,True
95,1,authority+consensus+common_sense+polished_style+compassion,55,202,147,3.672727,aafba0acc4a5212b60abbb11dcd3ff730eb38b0a9ae4761299ca17ee0c15d231,aafba0acc4a5212b60abbb11dcd3ff730eb38b0a9ae4761299ca17ee0c15d231,True,True,True
95,2,authority+consensus+common_sense+polished_style+compassion,40,187,147,4.675000,d611a80d3a4930b740deae96e786b7704a992e288fc17e9390b9ac80623ac2e8,d611a80d3a4930b740deae96e786b7704a992e288fc17e9390b9ac80623ac2e8,True,True,True
96,1,authority+consensus+common_sense+polished_style+compassion,423,570,147,1.347518,2724ddf94ee846f5efaac71f179803cbe5b51ca866473037ea5e71431e29e312,2724ddf94ee846f5efaac71f179803cbe5b51ca866473037ea5e71431e29e312,True,True,True
96,2,authority+consensus+common_sense+polished_style+compassion,440,587,147,1.334091,106fef7939848c76c5b0dc9155014a12da556185494abcc0bb67d2e5fb7dd286,106fef7939848c76c5b0dc9155014a12da556185494abcc0bb67d2e5fb7dd286,True,True,True
97,1,authority+consensus+common_sense+polished_style+compassion,440,587,147,1.334091,2501f1edc752a7978f0361ef3d9a98006fce53994d4e0514f9428ebfa6e1c463,2501f1edc752a7978f0361ef3d9a98006fce53994d4e0514f9428ebfa6e1c463,True,True,True
97,2,authority+consensus+common_sense+polished_style+compassion,516,663,147,1.284884,222f0f0e42e8a57629ec5d9c9bc563b23b1e9b09dcf0ce9da0e4fc079e5dab71,222f0f0e42e8a57629ec5d9c9bc563b23b1e9b09dcf0ce9da0e4fc079e5dab71,True,True,True
98,1,authority+consensus+common_sense+polished_style+compassion,334,481,147,1.440120,e6b4dd845b0fbe38f807280c92942daf562c77fbe0033801056d70b715e3644b,e6b4dd845b0fbe38f807280c92942daf562c77fbe0033801056d70b715e3644b,True,True,True
98,2,authority+consensus+common_sense+polished_style+compassion,208,355,147,1.706731,b9158f83314969acb5c4b594c9c946aad1bff7de3f6d7e7c1844ea19928ec98a,b9158f83314969acb5c4b594c9c946aad1bff7de3f6d7e7c1844ea19928ec98a,True,True,True
99,1,authority+consensus+common_sense+polished_style+compassion,185,332,147,1.794595,6b0f157ecc3073a466d7fbf360347e9d4df9747ca281c58336457245d90ef9e8,6b0f157ecc3073a466d7fbf360347e9d4df9747ca281c58336457245d90ef9e8,True,True,True
99,2,authority+consensus+common_sense+polished_style+compassion,178,325,147,1.825843,92c46541e240c58a875196a818c19a39ced2426219df3b0b6c6db5021ba3a949,92c46541e240c58a875196a818c19a39ced2426219df3b0b6c6db5021ba3a949,True,True,True
100,1,authority+consensus+common_sense+polished_style+compassion,302,449,147,1.486755,8fffe4db7a00725128721383e5d2f05a333961bc1e1c2f4198683ef5daefe7a3,8fffe4db7a00725128721383e5d2f05a333961bc1e1c2f4198683ef5daefe7a3,True,True,True
100,2,authority+consensus+common_sense+polished_style+compassion,574,721,147,1.256098,b1ff4822a604369d8f3415cbfdc88e157638e590129629fcd967936b4318efde,b1ff4822a604369d8f3415cbfdc88e157638e590129629fcd967936b4318efde,True,True,True
101,1,authority+consensus+common_sense+polished_style+compassion,161,308,147,1.913043,b366187a5c95b7c38b119d6422cec8b7205f7761bfcec9cfd0ff35fd4c7c5d40,b366187a5c95b7c38b119d6422cec8b7205f7761bfcec9cfd0ff35fd4c7c5d40,True,True,True
101,2,authority+consensus+common_sense+polished_style+compassion,224,371,147,1.656250,a23ebf5970bd921591f0f3c611787d47d24f1c7bc2b5c1a80ee5ea5935974ef5,a23ebf5970bd921591f0f3c611787d47d24f1c7bc2b5c1a80ee5ea5935974ef5,True,True,True
102,1,authority+consensus+common_sense+polished_style+compassion,151,298,147,1.973510,2a114c13ce0f2433b5fbc2b840b095159d045b0cf9676e446251c884e62ce8c9,2a114c13ce0f2433b5fbc2b840b095159d045b0cf9676e446251c884e62ce8c9,True,True,True
102,2,authority+consensus+common_sense+polished_style+compassion,201,348,147,1.731343,d86623fc9df2680f2c22bfad8eab62b548f274813f9baf403990756a4083b948,d86623fc9df2680f2c22bfad8eab62b548f274813f9baf403990756a4083b948,True,True,True
103,1,authority+consensus+common_sense+polished_style+compassion,196,343,147,1.750000,08a990239c1a987837d777505e4696b0943f9455e140ff5013b0337f5a1286eb,08a990239c1a987837d777505e4696b0943f9455e140ff5013b0337f5a1286eb,True,True,True
103,2,authority+consensus+common_sense+polished_style+compassion,329,476,147,1.446809,e631b60c01134de1a6af768cd0ad515eaede4118c35aab531112284047ce6964,e631b60c01134de1a6af768cd0ad515eaede4118c35aab531112284047ce6964,True,True,True
104,1,authority+consensus+common_sense+polished_style+compassion,163,310,147,1.901840,62a981c8b8314901a96fc33b0698d48967879922c35e7d2d2b14a6ddfb08268d,62a981c8b8314901a96fc33b0698d48967879922c35e7d2d2b14a6ddfb08268d,True,True,True
104,2,authority+consensus+common_sense+polished_style+compassion,138,285,147,2.065217,f2866bd113c6a8bc17ec6dccbe9ebd7cc9fa0d19bbdfaa9d4897c4ccd43b29ca,f2866bd113c6a8bc17ec6dccbe9ebd7cc9fa0d19bbdfaa9d4897c4ccd43b29ca,True,True,True
105,1,authority+consensus+common_sense+polished_style+compassion,219,366,147,1.671233,3a0319fe9216ba647b23feb825df8182ef06d0c4feac0bb6e1b0b8d009f2cf3b,3a0319fe9216ba647b23feb825df8182ef06d0c4feac0bb6e1b0b8d009f2cf3b,True,True,True
105,2,authority+consensus+common_sense+polished_style+compassion,63,210,147,3.333333,f58e55b6b92b9eb18f9efa014f1a1adee4204a630bb82bf145b25c884affe1c9,f58e55b6b92b9eb18f9efa014f1a1adee4204a630bb82bf145b25c884affe1c9,True,True,True
106,1,authority+consensus+common_sense+polished_style+compassion,197,344,147,1.746193,92c1ca92e294c43d8812017332830191c3fa79263f80c240a07ab6126db6fdd1,92c1ca92e294c43d8812017332830191c3fa79263f80c240a07ab6126db6fdd1,True,True,True
106,2,authority+consensus+common_sense+polished_style+compassion,102,249,147,2.441176,33901e04f39aec5337554b664009f3794437431a15591fd9143ea26188d905bb,33901e04f39aec5337554b664009f3794437431a15591fd9143ea26188d905bb,True,True,True
107,1,authority+consensus+common_sense+polished_style+compassion,113,260,147,2.300885,f1461697a59731ce6e322fbb7cfc57b92a323c15873af53031cd7ef605c9cbba,f1461697a59731ce6e322fbb7cfc57b92a323c15873af53031cd7ef605c9cbba,True,True,True
107,2,authority+consensus+common_sense+polished_style+compassion,262,409,147,1.561069,c3b9c3b5d20d4f76eb89eb6e2f12a1e1a768b7554d53dfcc8c2a8e470d25b638,c3b9c3b5d20d4f76eb89eb6e2f12a1e1a768b7554d53dfcc8c2a8e470d25b638,True,True,True
108,1,authority+consensus+common_sense+polished_style+compassion,115,262,147,2.278261,d51c51f4a3f5eb2a9e4147037c6a2242ec0ccd542d987db23a9409c4cf1c5ff7,d51c51f4a3f5eb2a9e4147037c6a2242ec0ccd542d987db23a9409c4cf1c5ff7,True,True,True
108,2,authority+consensus+common_sense+polished_style+compassion,99,246,147,2.484848,547b4804b78b2925dbd403894d357477d5a445fd6af00534ccb717b2af1105e2,547b4804b78b2925dbd403894d357477d5a445fd6af00534ccb717b2af1105e2,True,True,True
109,1,authority+consensus+common_sense+polished_style+compassion,207,354,147,1.710145,563fefeb2f61f696e624fc0bb5b8bb2f7b5fc14d2d615be37f427ac0c4206324,563fefeb2f61f696e624fc0bb5b8bb2f7b5fc14d2d615be37f427ac0c4206324,True,True,True
109,2,authority+consensus+common_sense+polished_style+compassion,184,331,147,1.798913,1c615ff1c135dc2375f9efd47577c79348e8bd9bf13efaa4725266b5765348ef,1c615ff1c135dc2375f9efd47577c79348e8bd9bf13efaa4725266b5765348ef,True,True,True
110,1,authority+consensus+common_sense+polished_style+compassion,275,422,147,1.534545,e3ee9ab9ae4045af37e7dbb3691f60714478d7fd2046a029eba174d98b270cb3,e3ee9ab9ae4045af37e7dbb3691f60714478d7fd2046a029eba174d98b270cb3,True,True,True
110,2,authority+consensus+common_sense+polished_style+compassion,504,651,147,1.291667,e6c4c4ac0d3e08e7ce1b3e57e07f8c2c0f6a188b092de643a31cbafa2da91c00,e6c4c4ac0d3e08e7ce1b3e57e07f8c2c0f6a188b092de643a31cbafa2da91c00,True,True,True
111,1,authority+consensus+common_sense+polished_style+compassion,146,293,147,2.006849,6b610c519bd8b8c55a5a7c833ce5012d4b86b41a8dbcee50776f19e7482c8acf,6b610c519bd8b8c55a5a7c833ce5012d4b86b41a8dbcee50776f19e7482c8acf,True,True,True
111,2,authority+consensus+common_sense+polished_style+compassion,158,305,147,1.930380,da5acc19ccc99939c972d282733a8154fbbf1348fbd02d4923cb8a1e17a810e6,da5acc19ccc99939c972d282733a8154fbbf1348fbd02d4923cb8a1e17a810e6,True,True,True
112,1,authority+consensus+common_sense+polished_style+compassion,64,211,147,3.296875,90dc6e13787ad79cdaa7197b4af4f1bc0becfedc241a0568acd3b2cd4d518d07,90dc6e13787ad79cdaa7197b4af4f1bc0becfedc241a0568acd3b2cd4d518d07,True,True,True
112,2,authority+consensus+common_sense+polished_style+compassion,99,246,147,2.484848,0c4a88e141669e03555802038d2d32980b5b2a415b90098d626a71c85d593f15,0c4a88e141669e03555802038d2d32980b5b2a415b90098d626a71c85d593f15,True,True,True
113,1,authority+consensus+common_sense+polished_style+compassion,111,258,147,2.324324,422b74b5b8d3314d738b4c592a29184e9a2f20ff777106ea3b9d3128485e9b39,422b74b5b8d3314d738b4c592a29184e9a2f20ff777106ea3b9d3128485e9b39,True,True,True
113,2,authority+consensus+common_sense+polished_style+compassion,40,187,147,4.675000,8a6c02fd0fd9aa9aae6fc2593aabc0b20a781bdd6eb5cfaf96aaef5267a399a3,8a6c02fd0fd9aa9aae6fc2593aabc0b20a781bdd6eb5cfaf96aaef5267a399a3,True,True,True
114,1,authority+consensus+common_sense+polished_style+compassion,130,277,147,2.130769,25b61cb3e0db9cd0cef4d3338e5170e06695510241ba8af6c5f04b61c860fd99,25b61cb3e0db9cd0cef4d3338e5170e06695510241ba8af6c5f04b61c860fd99,True,True,True
114,2,authority+consensus+common_sense+polished_style+compassion,93,240,147,2.580645,5f1d0c9545c9d35dd230c9e445e171156b63e826df947c8252164dd7878c8348,5f1d0c9545c9d35dd230c9e445e171156b63e826df947c8252164dd7878c8348,True,True,True
115,1,authority+consensus+common_sense+polished_style+compassion,145,292,147,2.013793,38367b1a8bca3e129c36e8fc899ffcc2e246761dc20412bedbe7cfef7289e960,38367b1a8bca3e129c36e8fc899ffcc2e246761dc20412bedbe7cfef7289e960,True,True,True
115,2,authority+consensus+common_sense+polished_style+compassion,162,309,147,1.907407,a6f64d39249cc15dd235ed3f9b0fe77ce54bf2399059f8fceef160d04f5bae1e,a6f64d39249cc15dd235ed3f9b0fe77ce54bf2399059f8fceef160d04f5bae1e,True,True,True
116,1,authority+consensus+common_sense+polished_style+compassion,34,181,147,5.323529,4e36d2dd3f1c4ed3dfe8151be18aff55f073aaceab9fb3479badc83101aa93a2,4e36d2dd3f1c4ed3dfe8151be18aff55f073aaceab9fb3479badc83101aa93a2,True,True,True
116,2,authority+consensus+common_sense+polished_style+compassion,71,218,147,3.070423,b5dd9beed1bd5eef5c895bdae54e709fc87b8185037188fb06329ac7ce9d96ca,b5dd9beed1bd5eef5c895bdae54e709fc87b8185037188fb06329ac7ce9d96ca,True,True,True
117,1,authority+consensus+common_sense+polished_style+compassion,55,202,147,3.672727,dce7e4b6f1562a46ff4d3e7ff3f866ebfd70820d96df409b0260b0c24aa04b7c,dce7e4b6f1562a46ff4d3e7ff3f866ebfd70820d96df409b0260b0c24aa04b7c,True,True,True
117,2,authority+consensus+common_sense+polished_style+compassion,81,228,147,2.814815,13c951bbc08a58ec18aba2e6b4a31bb2e3c0f94968000ed04149acdd6fb6cb68,13c951bbc08a58ec18aba2e6b4a31bb2e3c0f94968000ed04149acdd6fb6cb68,True,True,True
118,1,authority+consensus+common_sense+polished_style+compassion,72,219,147,3.041667,c32b19a7ac6f9c49ff7f37e6434b0d0431eb424b779cdae61b8f0cc7bdc8ba2b,c32b19a7ac6f9c49ff7f37e6434b0d0431eb424b779cdae61b8f0cc7bdc8ba2b,True,True,True
118,2,authority+consensus+common_sense+polished_style+compassion,60,207,147,3.450000,92767bfe73433acbb78537c2c23e8c99e0fd555213a6e9bd77ef0db53316d2fc,92767bfe73433acbb78537c2c23e8c99e0fd555213a6e9bd77ef0db53316d2fc,True,True,True
119,1,authority+consensus+common_sense+polished_style+compassion,106,253,147,2.386792,3469465529106bfd61d4f34fd51cdff3996a1edf97acdd67cddf89573650c353,3469465529106bfd61d4f34fd51cdff3996a1edf97acdd67cddf89573650c353,True,True,True
119,2,authority+consensus+common_sense+polished_style+compassion,35,182,147,5.200000,cb24b060fcb1c819b625f05cb4f6b0aa1d2a7d34068a4da565b8947ffc64faad,cb24b060fcb1c819b625f05cb4f6b0aa1d2a7d34068a4da565b8947ffc64faad,True,True,True
120,1,authority+consensus+common_sense+polished_style+compassion,35,182,147,5.200000,2983628e533fa8a0d5d2fe4cbb9f72707c319c72e23c3388d6137d83384689b9,2983628e533fa8a0d5d2fe4cbb9f72707c319c72e23c3388d6137d83384689b9,True,True,True
120,2,authority+consensus+common_sense+polished_style+compassion,109,256,147,2.348624,12d55510a2b86f369805d98e9f31df14ffd9f3a4337086b54ce57236a680b951,12d55510a2b86f369805d98e9f31df14ffd9f3a4337086b54ce57236a680b951,True,True,True
121,1,authority+consensus+common_sense+polished_style+compassion,666,813,147,1.220721,2712ad1dae6f030daadf1d1a9895258f56cec54897de9f19304abebfc9f41e33,2712ad1dae6f030daadf1d1a9895258f56cec54897de9f19304abebfc9f41e33,True,True,True
121,2,authority+consensus+common_sense+polished_style+compassion,720,867,147,1.204167,87c8804748a9b29795ba8ef1481c4f334baa8240007c1de49b4b271cd8efc815,87c8804748a9b29795ba8ef1481c4f334baa8240007c1de49b4b271cd8efc815,True,True,True
122,1,authority+consensus+common_sense+polished_style+compassion,406,553,147,1.362069,700abf8480a1383a778c46b5e9b0529853e4989927bfd71067f72c966433e90e,700abf8480a1383a778c46b5e9b0529853e4989927bfd71067f72c966433e90e,True,True,True
122,2,authority+consensus+common_sense+polished_style+compassion,370,517,147,1.397297,a8010e60141f6d5434662bfb664d38e6cf1d0de9661b1b95f6d4f839b8256f5d,a8010e60141f6d5434662bfb664d38e6cf1d0de9661b1b95f6d4f839b8256f5d,True,True,True
123,1,authority+consensus+common_sense+polished_style+compassion,602,749,147,1.244186,89f1ef5caf0681b89cd724813a67d5f9bfc870f0288f6ea1f44805bcbc5e87c8,89f1ef5caf0681b89cd724813a67d5f9bfc870f0288f6ea1f44805bcbc5e87c8,True,True,True
123,2,authority+consensus+common_sense+polished_style+compassion,177,324,147,1.830508,9ad56f72a6cea2ca6e4c8246b263c5e9fbe97e501b1651387344ecb3593cee26,9ad56f72a6cea2ca6e4c8246b263c5e9fbe97e501b1651387344ecb3593cee26,True,True,True
124,1,authority+consensus+common_sense+polished_style+compassion,266,413,147,1.552632,89cdcdc762641f40d2b06f2e622813c0e33ccf1851a9582587e94aeb5e4fdd8c,89cdcdc762641f40d2b06f2e622813c0e33ccf1851a9582587e94aeb5e4fdd8c,True,True,True
124,2,authority+consensus+common_sense+polished_style+compassion,238,385,147,1.617647,d17c95f4d53399b9df13622668a980eba17ac71b462b39e0ca94e0dfa689ea68,d17c95f4d53399b9df13622668a980eba17ac71b462b39e0ca94e0dfa689ea68,True,True,True
125,1,authority+consensus+common_sense+polished_style+compassion,479,626,147,1.306889,c4552c03d1be4a55fe27bda83eaf51602ca23da76558f6cd73a79ab5ebfaa8ce,c4552c03d1be4a55fe27bda83eaf51602ca23da76558f6cd73a79ab5ebfaa8ce,True,True,True
125,2,authority+consensus+common_sense+polished_style+compassion,484,631,147,1.303719,276a17706b5bd24c3f6f9bfb845b83a3700db6ceb0ca0b66b6c3397a7bf0a1db,276a17706b5bd24c3f6f9bfb845b83a3700db6ceb0ca0b66b6c3397a7bf0a1db,True,True,True
126,1,authority+consensus+common_sense+polished_style+compassion,428,575,147,1.343458,61b0cc3e5c174441e0ec9885ef8a615a4f35196a79cb8f27c922721da661429d,61b0cc3e5c174441e0ec9885ef8a615a4f35196a79cb8f27c922721da661429d,True,True,True
126,2,authority+consensus+common_sense+polished_style+compassion,685,832,147,1.214599,d4b81d1d1d16c1429b359a81a9b47212a79a9d673684f811f729bcd77b3f37b4,d4b81d1d1d16c1429b359a81a9b47212a79a9d673684f811f729bcd77b3f37b4,True,True,True
127,1,authority+consensus+common_sense+polished_style+compassion,264,411,147,1.556818,31aef1951708d5aa33c2b676e2d390dd8549fa538cf47f4b6d0c18402ff60bc1,31aef1951708d5aa33c2b676e2d390dd8549fa538cf47f4b6d0c18402ff60bc1,True,True,True
127,2,authority+consensus+common_sense+polished_style+compassion,377,524,147,1.389920,2ac97106064058fdc1089108fb201778ad410b93db16edeb2b11c5f4d86fdb0e,2ac97106064058fdc1089108fb201778ad410b93db16edeb2b11c5f4d86fdb0e,True,True,True
128,1,authority+consensus+common_sense+polished_style+compassion,336,483,147,1.437500,0970042028bb318e3bf066e665299def457223fa02c131007f048d68ac0eeb84,0970042028bb318e3bf066e665299def457223fa02c131007f048d68ac0eeb84,True,True,True
128,2,authority+consensus+common_sense+polished_style+compassion,450,597,147,1.326667,c770d1afbe12f9d622ee427e7b90c07e33a04b3d72aed454bf9547d5ad09fb8d,c770d1afbe12f9d622ee427e7b90c07e33a04b3d72aed454bf9547d5ad09fb8d,True,True,True
129,1,authority+consensus+common_sense+polished_style+compassion,261,408,147,1.563218,13cb64fbe9322ce34f2d0a67ca1eac7f35e97eee7b11976bca3a56d7e58e7155,13cb64fbe9322ce34f2d0a67ca1eac7f35e97eee7b11976bca3a56d7e58e7155,True,True,True
129,2,authority+consensus+common_sense+polished_style+compassion,451,598,147,1.325942,c1731764fc93bafeb0a189548bcf9b29f0b5a1340f92ae97aecb2971b636830f,c1731764fc93bafeb0a189548bcf9b29f0b5a1340f92ae97aecb2971b636830f,True,True,True
130,1,authority+consensus+common_sense+polished_style+compassion,403,550,147,1.364764,94b34e177fe592d6442ddf3cce9c81c4971e9cbc80fa6cf6cbe2af07ab85d107,94b34e177fe592d6442ddf3cce9c81c4971e9cbc80fa6cf6cbe2af07ab85d107,True,True,True
130,2,authority+consensus+common_sense+polished_style+compassion,419,566,147,1.350835,b17ba642097b78d0c0d68f4a121ad453f7c483c35df5cf54320fea9c42f3ac63,b17ba642097b78d0c0d68f4a121ad453f7c483c35df5cf54320fea9c42f3ac63,True,True,True
131,1,authority+consensus+common_sense+polished_style+compassion,15,162,147,10.800000,820a36b5e40b8b5b56f105249fd1833abff4267ebc6f2391b4019a97c1ab0694,820a36b5e40b8b5b56f105249fd1833abff4267ebc6f2391b4019a97c1ab0694,True,True,True
131,2,authority+consensus+common_sense+polished_style+compassion,123,270,147,2.195122,de60a0c10630591e2ce394d0778e4c82cc35c03c1e6f98d9d684fe97d85f919a,de60a0c10630591e2ce394d0778e4c82cc35c03c1e6f98d9d684fe97d85f919a,True,True,True
132,1,authority+consensus+common_sense+polished_style+compassion,38,185,147,4.868421,e554f3adb4a901dcbc411556fdd97cd5ecdb8ef3fb615fa784408254dc0b8ee2,e554f3adb4a901dcbc411556fdd97cd5ecdb8ef3fb615fa784408254dc0b8ee2,True,True,True
132,2,authority+consensus+common_sense+polished_style+compassion,115,262,147,2.278261,7956f89727e53792ea54f9e66ef18e955a4f9581e6139d8469f18575d5d836f0,7956f89727e53792ea54f9e66ef18e955a4f9581e6139d8469f18575d5d836f0,True,True,True
133,1,authority+consensus+common_sense+polished_style+compassion,253,400,147,1.581028,3de54424540adc72e5459306ef095f3e8262c87a1b9b9a0af95679034351b7ce,3de54424540adc72e5459306ef095f3e8262c87a1b9b9a0af95679034351b7ce,True,True,True
133,2,authority+consensus+common_sense+polished_style+compassion,288,435,147,1.510417,7282a74fa37041dc77a530a58741e8f946a4ef2419d4768b267d4dd598dc54e6,7282a74fa37041dc77a530a58741e8f946a4ef2419d4768b267d4dd598dc54e6,True,True,True
134,1,authority+consensus+common_sense+polished_style+compassion,95,242,147,2.547368,18dd6f7521ce3f0aca9f99a00a4383859f8fed526d4c45c1c91754d677b6b639,18dd6f7521ce3f0aca9f99a00a4383859f8fed526d4c45c1c91754d677b6b639,True,True,True
134,2,authority+consensus+common_sense+polished_style+compassion,136,283,147,2.080882,6a4bfa65397477d0e77a75d677eea99b06a6fecfcd7aa0e1b7954d511db13963,6a4bfa65397477d0e77a75d677eea99b06a6fecfcd7aa0e1b7954d511db13963,True,True,True
135,1,authority+consensus+common_sense+polished_style+compassion,206,353,147,1.713592,81612f97206848f9f32084b7f642f64d825ff2af1a9754f81ec89049405686a0,81612f97206848f9f32084b7f642f64d825ff2af1a9754f81ec89049405686a0,True,True,True
135,2,authority+consensus+common_sense+polished_style+compassion,176,323,147,1.835227,a603485a37035d71a62fc82219957f1339e55d598f009093a8c8773977aec57a,a603485a37035d71a62fc82219957f1339e55d598f009093a8c8773977aec57a,True,True,True
136,1,authority+consensus+common_sense+polished_style+compassion,33,180,147,5.454545,a4ca847952f729d91b5ff7054293d3b707e6e86d25f1296cb332b8162eea6cf5,a4ca847952f729d91b5ff7054293d3b707e6e86d25f1296cb332b8162eea6cf5,True,True,True
136,2,authority+consensus+common_sense+polished_style+compassion,28,175,147,6.250000,9d93f3dfe8069e6185ef81378a4a649eef300ca6edb9e4baadb5ded35a0800e8,9d93f3dfe8069e6185ef81378a4a649eef300ca6edb9e4baadb5ded35a0800e8,True,True,True
137,1,authority+consensus+common_sense+polished_style+compassion,157,304,147,1.936306,739606163a1d4e45e9af922e1a123740ea03f2b831731050ce190ac18eb37e0a,739606163a1d4e45e9af922e1a123740ea03f2b831731050ce190ac18eb37e0a,True,True,True
137,2,authority+consensus+common_sense+polished_style+compassion,84,231,147,2.750000,cde2e6eb4eaa06eb4db3e201790524b9bfcb2c39656045d428b469791c0f5a75,cde2e6eb4eaa06eb4db3e201790524b9bfcb2c39656045d428b469791c0f5a75,True,True,True
138,1,authority+consensus+common_sense+polished_style+compassion,62,209,147,3.370968,d4dd53c01ba125b3fd9e2bbfbf9199f662e90a6ac657253ef6bf95fde9d9277f,d4dd53c01ba125b3fd9e2bbfbf9199f662e90a6ac657253ef6bf95fde9d9277f,True,True,True
138,2,authority+consensus+common_sense+polished_style+compassion,62,209,147,3.370968,c044a7d80d8edeeb6f1f566eb9187a5c14c91e1bff53d16ca03efb3771982d03,c044a7d80d8edeeb6f1f566eb9187a5c14c91e1bff53d16ca03efb3771982d03,True,True,True
139,1,authority+consensus+common_sense+polished_style+compassion,129,276,147,2.139535,c07fb5d85368d42307eb2aedca275942f79f5819d3e7794f6155c6d439b06f3a,c07fb5d85368d42307eb2aedca275942f79f5819d3e7794f6155c6d439b06f3a,True,True,True
139,2,authority+consensus+common_sense+polished_style+compassion,202,349,147,1.727723,d414097fca6216615b3a53a1535bc73012b960762a8e3c69232f6a261efe176f,d414097fca6216615b3a53a1535bc73012b960762a8e3c69232f6a261efe176f,True,True,True
140,1,authority+consensus+common_sense+polished_style+compassion,106,253,147,2.386792,30cbd0f9212e59975c048c55067399ed04a3b5168c0fc868895a5ef6f6d14754,30cbd0f9212e59975c048c55067399ed04a3b5168c0fc868895a5ef6f6d14754,True,True,True
140,2,authority+consensus+common_sense+polished_style+compassion,186,333,147,1.790323,5904f1c79a6dab839e1fc630ae2edd7a9c4890ac1aa276f9e71dd9f26c7b2868,5904f1c79a6dab839e1fc630ae2edd7a9c4890ac1aa276f9e71dd9f26c7b2868,True,True,True
141,1,authority+consensus+common_sense+polished_style+compassion,431,578,147,1.341067,0a5a4aff7ee8d8b99f823801bc207f82aa1f8cae3e3cf119a8dc83ae7a58ed41,0a5a4aff7ee8d8b99f823801bc207f82aa1f8cae3e3cf119a8dc83ae7a58ed41,True,True,True
141,2,authority+consensus+common_sense+polished_style+compassion,522,669,147,1.281609,452bfa91e69c97abc59a0d735d55b19175647d137fd6b589af52ddfddca693ce,452bfa91e69c97abc59a0d735d55b19175647d137fd6b589af52ddfddca693ce,True,True,True
142,1,authority+consensus+common_sense+polished_style+compassion,426,573,147,1.345070,4e8522785f8e3d6a3d8334b94457ea829a167645fbe978446b707a568943b7bc,4e8522785f8e3d6a3d8334b94457ea829a167645fbe978446b707a568943b7bc,True,True,True
142,2,authority+consensus+common_sense+polished_style+compassion,581,728,147,1.253012,028da856e2b6c5383ec43034c4b8bb45afa03d52b6fb50e5bafe72390cdd89ae,028da856e2b6c5383ec43034c4b8bb45afa03d52b6fb50e5bafe72390cdd89ae,True,True,True
143,1,authority+consensus+common_sense+polished_style+compassion,459,606,147,1.320261,80cf519e0c56c0649cbaae6611f9a72111d1876adde38d5dfccd942e6f5474fe,80cf519e0c56c0649cbaae6611f9a72111d1876adde38d5dfccd942e6f5474fe,True,True,True
143,2,authority+consensus+common_sense+polished_style+compassion,700,847,147,1.210000,4bd12ec26e07e1a2e7f72c81f2f5b0cd2ab20736e9b6b423595e84bd5f31c815,4bd12ec26e07e1a2e7f72c81f2f5b0cd2ab20736e9b6b423595e84bd5f31c815,True,True,True
144,1,authority+consensus+common_sense+polished_style+compassion,467,614,147,1.314775,98ea5c0ad580c203f637c5cf82a860fbd0001ed2f0f9e7ad5506e2b53cfaaed7,98ea5c0ad580c203f637c5cf82a860fbd0001ed2f0f9e7ad5506e2b53cfaaed7,True,True,True
144,2,authority+consensus+common_sense+polished_style+compassion,317,464,147,1.463722,724637533f35f951e25f62254965f681ac8aa0f9c1633dc8b62f8da75b31b61d,724637533f35f951e25f62254965f681ac8aa0f9c1633dc8b62f8da75b31b61d,True,True,True
145,1,authority+consensus+common_sense+polished_style+compassion,423,570,147,1.347518,c93a9d7e3bee5aa4ecfe9f9c9515ba3641917412f04061dbabcec818e7efd676,c93a9d7e3bee5aa4ecfe9f9c9515ba3641917412f04061dbabcec818e7efd676,True,True,True
145,2,authority+consensus+common_sense+polished_style+compassion,332,479,147,1.442771,36acd7ba8567d995639ee544c52e7f5b89effecc24cd17af10d2e6983de60afb,36acd7ba8567d995639ee544c52e7f5b89effecc24cd17af10d2e6983de60afb,True,True,True
146,1,authority+consensus+common_sense+polished_style+compassion,398,545,147,1.369347,73c1e10089184ba19f8e2af2684af63b7adbef87880f44d2a8148c6147572135,73c1e10089184ba19f8e2af2684af63b7adbef87880f44d2a8148c6147572135,True,True,True
146,2,authority+consensus+common_sense+polished_style+compassion,445,592,147,1.330337,bcc6c894dbc6d5f6a1f33deff0719e0d7fe51da705501a02a55873bc4872f9c5,bcc6c894dbc6d5f6a1f33deff0719e0d7fe51da705501a02a55873bc4872f9c5,True,True,True
147,1,authority+consensus+common_sense+polished_style+compassion,764,911,147,1.192408,97aeb60ca8e895443b9a3a25b9301fa497d8e39b3f1c99c74866513bf065ca91,97aeb60ca8e895443b9a3a25b9301fa497d8e39b3f1c99c74866513bf065ca91,True,True,True
147,2,authority+consensus+common_sense+polished_style+compassion,745,892,147,1.197315,971e70a151d87ffdce0c7bf72f49ade6fa3b2ea2e75f42cfae100d5fa4875512,971e70a151d87ffdce0c7bf72f49ade6fa3b2ea2e75f42cfae100d5fa4875512,True,True,True
148,1,authority+consensus+common_sense+polished_style+compassion,582,729,147,1.252577,7891f2a2be8aac703d74fcf3e7afcbb10378f936ff6fe3965a6941986692c4dc,7891f2a2be8aac703d74fcf3e7afcbb10378f936ff6fe3965a6941986692c4dc,True,True,True
148,2,authority+consensus+common_sense+polished_style+compassion,718,865,147,1.204735,c8e51dc1034ed575527a9e1c115fc9748653e85759a7596c46e281ecb09d4411,c8e51dc1034ed575527a9e1c115fc9748653e85759a7596c46e281ecb09d4411,True,True,True
149,1,authority+consensus+common_sense+polished_style+compassion,478,625,147,1.307531,4e7596a4618f3b03dc9d00d5f593fd2e7b58df1f1e97820f04c3c28114c7d8fd,4e7596a4618f3b03dc9d00d5f593fd2e7b58df1f1e97820f04c3c28114c7d8fd,True,True,True
149,2,authority+consensus+common_sense+polished_style+compassion,490,637,147,1.300000,fc3bb749f32a882f976d92a0b607e67ae5dc5e9aa153f8b1070ca3686cb88e8a,fc3bb749f32a882f976d92a0b607e67ae5dc5e9aa153f8b1070ca3686cb88e8a,True,True,True
150,1,authority+consensus+common_sense+polished_style+compassion,656,803,147,1.224085,2d0f8e316fab6f2aa7c42a0199deab230e62ae1749a486da75a6039d022a3d95,2d0f8e316fab6f2aa7c42a0199deab230e62ae1749a486da75a6039d022a3d95,True,True,True
150,2,authority+consensus+common_sense+polished_style+compassion,625,772,147,1.235200,a9299b28da0d64f0d5aad97b6af8d341c89539c02c5563c8b9731c47fed37273,a9299b28da0d64f0d5aad97b6af8d341c89539c02c5563c8b9731c47fed37273,True,True,True
151,1,authority+consensus+common_sense+polished_style+compassion,648,795,147,1.226852,8801ef6b2fb65da1c5517b49bc4eedf9fd3cb2afc381a34b8ba3bb48bf0866c3,8801ef6b2fb65da1c5517b49bc4eedf9fd3cb2afc381a34b8ba3bb48bf0866c3,True,True,True
151,2,authority+consensus+common_sense+polished_style+compassion,456,603,147,1.322368,50a256a7b4f50d45ceea27d9fd8c1c502b17d1f8df66eff3e71c9df7230cabde,50a256a7b4f50d45ceea27d9fd8c1c502b17d1f8df66eff3e71c9df7230cabde,True,True,True
152,1,authority+consensus+common_sense+polished_style+compassion,564,711,147,1.260638,072b6de6f0284e32d4cd37b350891a19fae023fc9652bf2c86bb3ff83f17b008,072b6de6f0284e32d4cd37b350891a19fae023fc9652bf2c86bb3ff83f17b008,True,True,True
152,2,authority+consensus+common_sense+polished_style+compassion,289,436,147,1.508651,9a3c00e99890faa68b76ac938c7f6a12431631521e190129f68fa6c9e02bd524,9a3c00e99890faa68b76ac938c7f6a12431631521e190129f68fa6c9e02bd524,True,True,True
153,1,authority+consensus+common_sense+polished_style+compassion,971,1118,147,1.151390,199a1da5ba49d8d1cd76fa7f8b6cc56b91f1a84277d54768aea2a715f05a3ff2,199a1da5ba49d8d1cd76fa7f8b6cc56b91f1a84277d54768aea2a715f05a3ff2,True,True,True
153,2,authority+consensus+common_sense+polished_style+compassion,751,898,147,1.195739,895f310daf5e351694f2c612df5ab0307a4057e42485b89ebec7f5df75eb7b7e,895f310daf5e351694f2c612df5ab0307a4057e42485b89ebec7f5df75eb7b7e,True,True,True
154,1,authority+consensus+common_sense+polished_style+compassion,947,1094,147,1.155227,87a309a1361cb7b14eacc9bf780b86686a77d1d60ad298de14b1dda603e02888,87a309a1361cb7b14eacc9bf780b86686a77d1d60ad298de14b1dda603e02888,True,True,True
154,2,authority+consensus+common_sense+polished_style+compassion,1019,1166,147,1.144259,edebd6a86439c0a47e716bb919134e381be3cb6cd01d8d04ee6ea4f74eb36a63,edebd6a86439c0a47e716bb919134e381be3cb6cd01d8d04ee6ea4f74eb36a63,True,True,True
155,1,authority+consensus+common_sense+polished_style+compassion,587,734,147,1.250426,31e4a9a11bf39309a9784ab0b9c01b5f754afca4fb5582cf5eb203b45a077863,31e4a9a11bf39309a9784ab0b9c01b5f754afca4fb5582cf5eb203b45a077863,True,True,True
155,2,authority+consensus+common_sense+polished_style+compassion,845,992,147,1.173964,429c6bc95e378fb02bfc16f4dcb5a77ea339bc9859554922ff9e955bfe3392da,429c6bc95e378fb02bfc16f4dcb5a77ea339bc9859554922ff9e955bfe3392da,True,True,True
156,1,authority+consensus+common_sense+polished_style+compassion,725,872,147,1.202759,cd1bdd2f80b0aec6243d308415a732a531f811fd2f912f1a3ce083369d3d0f05,cd1bdd2f80b0aec6243d308415a732a531f811fd2f912f1a3ce083369d3d0f05,True,True,True
156,2,authority+consensus+common_sense+polished_style+compassion,765,912,147,1.192157,70740a443705df7a23e0b191c16789eb18bb16f37ade13f1f30c57a5d534ea07,70740a443705df7a23e0b191c16789eb18bb16f37ade13f1f30c57a5d534ea07,True,True,True
157,1,authority+consensus+common_sense+polished_style+compassion,526,673,147,1.279468,329ca7008588c932ff1dab5da8664faa9e626e35d0722fa96b7cd18e0c1ddf7e,329ca7008588c932ff1dab5da8664faa9e626e35d0722fa96b7cd18e0c1ddf7e,True,True,True
157,2,authority+consensus+common_sense+polished_style+compassion,794,941,147,1.185139,862cbe1de862c0e82c9fa462f5ad4c32d0341a4bb4772aea77e678c14343d3a6,862cbe1de862c0e82c9fa462f5ad4c32d0341a4bb4772aea77e678c14343d3a6,True,True,True
158,1,authority+consensus+common_sense+polished_style+compassion,548,695,147,1.268248,258b4e384ae1651854ec4308c35ce56a9a83265df991a2574a8d4a37c3421de7,258b4e384ae1651854ec4308c35ce56a9a83265df991a2574a8d4a37c3421de7,True,True,True
158,2,authority+consensus+common_sense+polished_style+compassion,864,1011,147,1.170139,e7fe8fe00ae357d7eac7fdfde1ed7a5ceba1b1c565e8a4a137862ca3b54be425,e7fe8fe00ae357d7eac7fdfde1ed7a5ceba1b1c565e8a4a137862ca3b54be425,True,True,True
159,1,authority+consensus+common_sense+polished_style+compassion,595,742,147,1.247059,ab9afe10c759e7636c93bd53f3e7a50ac12234a6ffbc3db0ed191736701dbb14,ab9afe10c759e7636c93bd53f3e7a50ac12234a6ffbc3db0ed191736701dbb14,True,True,True
159,2,authority+consensus+common_sense+polished_style+compassion,939,1086,147,1.156550,ee827083b4a75af9007efcb64012fb71d04b5d32d83a7b055797c4d931f4484a,ee827083b4a75af9007efcb64012fb71d04b5d32d83a7b055797c4d931f4484a,True,True,True
160,1,authority+consensus+common_sense+polished_style+compassion,804,951,147,1.182836,8cc8fd2b0f6437d213e9bd837243ad65846f9dd9940ded027ec484e284a9b489,8cc8fd2b0f6437d213e9bd837243ad65846f9dd9940ded027ec484e284a9b489,True,True,True
160,2,authority+consensus+common_sense+polished_style+compassion,584,731,147,1.251712,8a44d7882e115b6b79ef89b8a6ff65fd0eac0449daf3fa533ab2955635272644,8a44d7882e115b6b79ef89b8a6ff65fd0eac0449daf3fa533ab2955635272644,True,True,True
